group,file,frames,display_w,display_h,recommended_file_w,recommended_file_h,anchor,type,optional,description
1. آسمان و زمین سطح,assets/surface/sky/meadow.png,1,1280,230,2560,460,bottom,پس‌زمینه cover,no,"پس‌زمینه آسمان منطقه چمنزار (کل عرض صفحه را پر می‌کند، پایینش به زمین می‌چسبد)"
1. آسمان و زمین سطح,assets/surface/hills/meadow.png,1,1024,80,2048,160,bottom,تکرار افقی,no,"تپه‌های دور منطقه چمنزار – تکرارشونده افقی (چپ و راستش به هم بچسبد)، پشت شفاف"
1. آسمان و زمین سطح,assets/surface/ground/meadow.png,1,256,32,512,64,bottom,تکرار افقی,no,"نوار چمن/زمین منطقه چمنزار – تکرارشونده افقی، ۲۴px بالای خط زمین تا ۸px زیر آن"
1. آسمان و زمین سطح,assets/surface/sky/desert.png,1,1280,230,2560,460,bottom,پس‌زمینه cover,no,"پس‌زمینه آسمان منطقه بیابان (کل عرض صفحه را پر می‌کند، پایینش به زمین می‌چسبد)"
1. آسمان و زمین سطح,assets/surface/hills/desert.png,1,1024,80,2048,160,bottom,تکرار افقی,no,"تپه‌های دور منطقه بیابان – تکرارشونده افقی (چپ و راستش به هم بچسبد)، پشت شفاف"
1. آسمان و زمین سطح,assets/surface/ground/desert.png,1,256,32,512,64,bottom,تکرار افقی,no,"نوار چمن/زمین منطقه بیابان – تکرارشونده افقی، ۲۴px بالای خط زمین تا ۸px زیر آن"
1. آسمان و زمین سطح,assets/surface/sky/snow.png,1,1280,230,2560,460,bottom,پس‌زمینه cover,no,"پس‌زمینه آسمان منطقه برفی (کل عرض صفحه را پر می‌کند، پایینش به زمین می‌چسبد)"
1. آسمان و زمین سطح,assets/surface/hills/snow.png,1,1024,80,2048,160,bottom,تکرار افقی,no,"تپه‌های دور منطقه برفی – تکرارشونده افقی (چپ و راستش به هم بچسبد)، پشت شفاف"
1. آسمان و زمین سطح,assets/surface/ground/snow.png,1,256,32,512,64,bottom,تکرار افقی,no,"نوار چمن/زمین منطقه برفی – تکرارشونده افقی، ۲۴px بالای خط زمین تا ۸px زیر آن"
1. آسمان و زمین سطح,assets/surface/sky/fairy.png,1,1280,230,2560,460,bottom,پس‌زمینه cover,no,"پس‌زمینه آسمان منطقه صورتی جادویی (کل عرض صفحه را پر می‌کند، پایینش به زمین می‌چسبد)"
1. آسمان و زمین سطح,assets/surface/hills/fairy.png,1,1024,80,2048,160,bottom,تکرار افقی,no,"تپه‌های دور منطقه صورتی جادویی – تکرارشونده افقی (چپ و راستش به هم بچسبد)، پشت شفاف"
1. آسمان و زمین سطح,assets/surface/ground/fairy.png,1,256,32,512,64,bottom,تکرار افقی,no,"نوار چمن/زمین منطقه صورتی جادویی – تکرارشونده افقی، ۲۴px بالای خط زمین تا ۸px زیر آن"
1. آسمان و زمین سطح,assets/surface/sky/jungle.png,1,1280,230,2560,460,bottom,پس‌زمینه cover,no,"پس‌زمینه آسمان منطقه جنگل (کل عرض صفحه را پر می‌کند، پایینش به زمین می‌چسبد)"
1. آسمان و زمین سطح,assets/surface/hills/jungle.png,1,1024,80,2048,160,bottom,تکرار افقی,no,"تپه‌های دور منطقه جنگل – تکرارشونده افقی (چپ و راستش به هم بچسبد)، پشت شفاف"
1. آسمان و زمین سطح,assets/surface/ground/jungle.png,1,256,32,512,64,bottom,تکرار افقی,no,"نوار چمن/زمین منطقه جنگل – تکرارشونده افقی، ۲۴px بالای خط زمین تا ۸px زیر آن"
1. آسمان و زمین سطح,assets/surface/sky/sun.png,1,140,140,280,280,center,تک تصویر,no,"خورشید با هاله نور (وسطش روی مرکز خورشید)"
1. آسمان و زمین سطح,assets/surface/sky/cloud.png,1,120,60,240,120,center,تک تصویر,no,"ابر (بین ۰.۷ تا ۱.۳ برابر کوچک/بزرگ می‌شود)"
1. آسمان و زمین سطح,assets/surface/sky/bird.png,4,24,14,192,28,center,اسپرایت‌شیت,no,"پرنده در حال پرواز – بال زدن"
2. درخت‌ها,assets/surface/trees/oak.png,1,100,160,200,320,bottom,تک تصویر,no,"درخت بلوط/گرد (پایه وسط پایین تصویر؛ ۰.۸ تا ۱.۴ برابر اسکیل و تکان باد خودکار)"
2. درخت‌ها,assets/surface/trees/oak-meadow.png,1,100,160,200,320,bottom,تک تصویر,yes,"اختیاری: نسخه مخصوص منطقه چمنزار از درخت بلوط/گرد (اگر نباشد oak.png استفاده می‌شود)"
2. درخت‌ها,assets/surface/trees/oak-snow.png,1,100,160,200,320,bottom,تک تصویر,yes,"اختیاری: نسخه مخصوص منطقه برفی از درخت بلوط/گرد (اگر نباشد oak.png استفاده می‌شود)"
2. درخت‌ها,assets/surface/trees/oak-fairy.png,1,100,160,200,320,bottom,تک تصویر,yes,"اختیاری: نسخه مخصوص منطقه صورتی جادویی از درخت بلوط/گرد (اگر نباشد oak.png استفاده می‌شود)"
2. درخت‌ها,assets/surface/trees/oak-jungle.png,1,100,160,200,320,bottom,تک تصویر,yes,"اختیاری: نسخه مخصوص منطقه جنگل از درخت بلوط/گرد (اگر نباشد oak.png استفاده می‌شود)"
2. درخت‌ها,assets/surface/trees/pine.png,1,100,150,200,300,bottom,تک تصویر,no,"درخت کاج (پایه وسط پایین تصویر؛ ۰.۸ تا ۱.۴ برابر اسکیل و تکان باد خودکار)"
2. درخت‌ها,assets/surface/trees/pine-meadow.png,1,100,150,200,300,bottom,تک تصویر,yes,"اختیاری: نسخه مخصوص منطقه چمنزار از درخت کاج (اگر نباشد pine.png استفاده می‌شود)"
2. درخت‌ها,assets/surface/trees/pine-snow.png,1,100,150,200,300,bottom,تک تصویر,yes,"اختیاری: نسخه مخصوص منطقه برفی از درخت کاج (اگر نباشد pine.png استفاده می‌شود)"
2. درخت‌ها,assets/surface/trees/cactus.png,1,64,96,128,192,bottom,تک تصویر,no,"کاکتوس (پایه وسط پایین تصویر؛ ۰.۸ تا ۱.۴ برابر اسکیل و تکان باد خودکار)"
2. درخت‌ها,assets/surface/trees/cactus-desert.png,1,64,96,128,192,bottom,تک تصویر,yes,"اختیاری: نسخه مخصوص منطقه بیابان از کاکتوس (اگر نباشد cactus.png استفاده می‌شود)"
2. درخت‌ها,assets/surface/trees/palm.png,1,120,130,240,260,bottom,تک تصویر,no,"درخت نخل (پایه وسط پایین تصویر؛ ۰.۸ تا ۱.۴ برابر اسکیل و تکان باد خودکار)"
2. درخت‌ها,assets/surface/trees/palm-desert.png,1,120,130,240,260,bottom,تک تصویر,yes,"اختیاری: نسخه مخصوص منطقه بیابان از درخت نخل (اگر نباشد palm.png استفاده می‌شود)"
2. درخت‌ها,assets/surface/trees/palm-fairy.png,1,120,130,240,260,bottom,تک تصویر,yes,"اختیاری: نسخه مخصوص منطقه صورتی جادویی از درخت نخل (اگر نباشد palm.png استفاده می‌شود)"
2. درخت‌ها,assets/surface/trees/palm-jungle.png,1,120,130,240,260,bottom,تک تصویر,yes,"اختیاری: نسخه مخصوص منطقه جنگل از درخت نخل (اگر نباشد palm.png استفاده می‌شود)"
3. حیوانات سطح زمین,assets/surface/animals/rabbit.png,8,48,40,768,80,bottom,اسپرایت‌شیت,no,"خرگوش (پرش): ۸ فریم چرخه راه رفتن، رو به راست"
3. حیوانات سطح زمین,assets/surface/animals/sheep.png,12,64,53,1536,106,bottom,اسپرایت‌شیت,no,"گوسفند: فریم ۰-۹ راه رفتن، ۱۰-۱۱ چریدن (ایستاده)"
3. حیوانات سطح زمین,assets/surface/animals/fox.png,8,64,40,1024,80,bottom,اسپرایت‌شیت,no,"روباه: ۸ فریم چرخه راه رفتن، رو به راست"
3. حیوانات سطح زمین,assets/surface/animals/deer.png,8,70,64,1120,128,bottom,اسپرایت‌شیت,no,"گوزن: ۸ فریم چرخه راه رفتن، رو به راست"
3. حیوانات سطح زمین,assets/surface/animals/squirrel.png,8,40,40,640,80,bottom,اسپرایت‌شیت,no,"سنجاب: ۸ فریم چرخه راه رفتن، رو به راست"
3. حیوانات سطح زمین,assets/surface/animals/hedgehog.png,8,44,32,704,64,bottom,اسپرایت‌شیت,no,"جوجه‌تیغی: ۸ فریم چرخه راه رفتن، رو به راست"
3. حیوانات سطح زمین,assets/surface/animals/polar.png,8,84,52,1344,104,bottom,اسپرایت‌شیت,no,"خرس قطبی: ۸ فریم چرخه راه رفتن، رو به راست"
3. حیوانات سطح زمین,assets/surface/animals/wolf.png,8,66,42,1056,84,bottom,اسپرایت‌شیت,no,"گرگ: ۸ فریم چرخه راه رفتن، رو به راست"
3. حیوانات سطح زمین,assets/surface/animals/fennec.png,8,50,44,800,88,bottom,اسپرایت‌شیت,no,"روباه فنک: ۸ فریم چرخه راه رفتن، رو به راست"
3. حیوانات سطح زمین,assets/surface/animals/camel.png,8,84,70,1344,140,bottom,اسپرایت‌شیت,no,"شتر: ۸ فریم چرخه راه رفتن، رو به راست"
3. حیوانات سطح زمین,assets/surface/animals/unicorn.png,8,72,70,1152,140,bottom,اسپرایت‌شیت,no,"تک‌شاخ: ۸ فریم چرخه راه رفتن، رو به راست"
3. حیوانات سطح زمین,assets/surface/animals/snake.png,8,96,30,1536,60,bottom,اسپرایت‌شیت,no,"مار: ۸ فریم چرخه راه رفتن، رو به راست"
3. حیوانات سطح زمین,assets/surface/animals/penguin.png,8,40,56,640,112,bottom,اسپرایت‌شیت,no,"پنگوئن: ۸ فریم چرخه راه رفتن، رو به راست"
4. لایه‌های زیرزمین,assets/underground/layers/topsoil.png,1,512,130,1024,260,bottom,تکرار افقی,no,"بافت لایه 1 (خاک سطحی) – تکرارشونده افقی. لایه 9، 17، … همین بافت با تغییر رنگ خودکار"
4. لایه‌های زیرزمین,assets/underground/layers/clay.png,1,512,130,1024,260,bottom,تکرار افقی,no,"بافت لایه 2 (رُس) – تکرارشونده افقی. لایه 10، 18، … همین بافت با تغییر رنگ خودکار"
4. لایه‌های زیرزمین,assets/underground/layers/gravel.png,1,512,130,1024,260,bottom,تکرار افقی,no,"بافت لایه 3 (شن) – تکرارشونده افقی. لایه 11، 19، … همین بافت با تغییر رنگ خودکار"
4. لایه‌های زیرزمین,assets/underground/layers/stone.png,1,512,130,1024,260,bottom,تکرار افقی,no,"بافت لایه 4 (سنگ) – تکرارشونده افقی. لایه 12، 20، … همین بافت با تغییر رنگ خودکار"
4. لایه‌های زیرزمین,assets/underground/layers/boneyard.png,1,512,130,1024,260,bottom,تکرار افقی,no,"بافت لایه 5 (گورستان استخوان) – تکرارشونده افقی. لایه 13، 21، … همین بافت با تغییر رنگ خودکار"
4. لایه‌های زیرزمین,assets/underground/layers/gold-vein.png,1,512,130,1024,260,bottom,تکرار افقی,no,"بافت لایه 6 (رگه طلا) – تکرارشونده افقی. لایه 14، 22، … همین بافت با تغییر رنگ خودکار"
4. لایه‌های زیرزمین,assets/underground/layers/crystal-cave.png,1,512,130,1024,260,bottom,تکرار افقی,no,"بافت لایه 7 (غار کریستال) – تکرارشونده افقی. لایه 15، 23، … همین بافت با تغییر رنگ خودکار"
4. لایه‌های زیرزمین,assets/underground/layers/magma.png,1,512,130,1024,260,bottom,تکرار افقی,no,"بافت لایه 8 (ماگما) – تکرارشونده افقی. لایه 16، 24، … همین بافت با تغییر رنگ خودکار"
4. لایه‌های زیرزمین,assets/underground/layers/depth-N.png,1,512,130,1024,260,,تکرار افقی,yes,"اختیاری: بافت مخصوص یک عمق دقیق، مثلاً depth-12.png برای لایه ۱۲ (اولویت بالاتر از بافت بیوم)"
5. موجودات زیرزمین,assets/underground/creatures/worm.png,6,60,20,720,40,center,اسپرایت‌شیت,no,"کرم صورتی (لایه‌های خاک/رس) – 6 فریم، رو به راست"
5. موجودات زیرزمین,assets/underground/creatures/goldworm.png,6,60,20,720,40,center,اسپرایت‌شیت,no,"کرم طلایی – 6 فریم، رو به راست"
5. موجودات زیرزمین,assets/underground/creatures/skeleton.png,6,60,45,720,90,bottom,اسپرایت‌شیت,no,"اسکلت متحرک – 6 فریم، رو به راست"
5. موجودات زیرزمین,assets/underground/creatures/diamond.png,6,60,45,720,90,bottom,اسپرایت‌شیت,no,"اسکلت الماسی (درخشان) – 6 فریم، رو به راست"
5. موجودات زیرزمین,assets/underground/creatures/root.png,4,40,120,320,240,top,اسپرایت‌شیت,no,"ریشه آویزان از سقف لایه (تکان ملایم) – 4 فریم، رو به راست"
5. موجودات زیرزمین,assets/underground/creatures/beetle.png,6,45,30,540,60,center,اسپرایت‌شیت,no,"سوسک (رنگی) – 6 فریم، رو به راست"
5. موجودات زیرزمین,assets/underground/creatures/mole.png,6,45,30,540,60,center,اسپرایت‌شیت,no,"موش کور – 6 فریم، رو به راست"
5. موجودات زیرزمین,assets/underground/creatures/bat.png,6,66,40,792,80,center,اسپرایت‌شیت,no,"خفاش – بال زدن – 6 فریم، رو به راست"
5. موجودات زیرزمین,assets/underground/creatures/crystal.png,4,40,40,320,80,bottom,اسپرایت‌شیت,no,"دسته کریستال (درخشش) – 4 فریم، رو به راست"
5. موجودات زیرزمین,assets/underground/creatures/nugget.png,4,34,22,272,44,bottom,اسپرایت‌شیت,no,"تکه طلا (برق زدن) – 4 فریم، رو به راست"
5. موجودات زیرزمین,assets/underground/creatures/bone.png,1,34,30,68,60,bottom,تک تصویر,no,"استخوان ثابت – تک فریم، رو به راست"
5. موجودات زیرزمین,assets/underground/creatures/salamander.png,6,75,24,900,48,center,اسپرایت‌شیت,no,"سمندر آتشین – 6 فریم، رو به راست"
5. موجودات زیرزمین,assets/underground/creatures/beetle-blue.png,8,38,38,608,76,bottom,اسپرایت‌شیت,no,"سوسک آبی لایه ۱ (فایل فعلی) – 8 فریم، رو به راست"
5. موجودات زیرزمین,assets/underground/creatures/beetle-purple.png,8,38,38,608,76,bottom,اسپرایت‌شیت,no,"سوسک بنفش لایه ۱ (فایل فعلی) – 8 فریم، رو به راست"
6. چاله روی نقشه,assets/hole/shaft.png,1,76,130,152,260,bottom,تکرار عمودی,no,"بدنه تونل عمودی چاله – تکرارشونده عمودی (بالا و پایینش به هم بچسبد)"
6. چاله روی نقشه,assets/hole/mound.png,1,112,32,224,64,center,تک تصویر,no,"تپه خاک و دهانه چاله روی سطح زمین (مرکز تصویر = مرکز دهانه)"
6. چاله روی نقشه,assets/hole/post.png,1,8,24,16,48,bottom,تک تصویر,no,"میله تابلوی پروفایل بالای چاله"
6. چاله روی نقشه,assets/hole/chamber.png,1,116,84,232,168,center,تک تصویر,no,"اتاقک ته چاله (عکس پروفایل روی آن می‌آید)"
6. چاله روی نقشه,assets/hole/avatar-default.png,1,64,64,128,128,center,تک تصویر,no,"عکس پروفایل پیش‌فرض (وقتی کاربر عکس ندارد) – دایره‌ای بریده می‌شود"
7. اتاق داخل چاله,assets/room/background/topsoil.png,1,1280,720,2560,1440,bottom,پس‌زمینه cover,no,"پس‌زمینه کل صفحه اتاق – خاک سطحی (طبقه 1، 5، 9…)"
7. اتاق داخل چاله,assets/room/floor/topsoil.png,1,128,128,256,256,bottom,صاف (بازی پرسپکتیو می‌دهد),no,"کاشی کف خاک سطحی – مربع صاف از بالا؛ بازی خودش ایزومتریک می‌کند (۸×۸ کاشی)"
7. اتاق داخل چاله,assets/room/wall-left/topsoil.png,1,288,150,576,300,bottom,صاف (بازی پرسپکتیو می‌دهد),no,"دیوار چپ خاک سطحی – مستطیل صاف رو به رو؛ بازی خودش کج می‌کند"
7. اتاق داخل چاله,assets/room/wall-right/topsoil.png,1,288,150,576,300,bottom,صاف (بازی پرسپکتیو می‌دهد),no,"دیوار راست خاک سطحی – مستطیل صاف رو به رو؛ بازی خودش کج می‌کند"
7. اتاق داخل چاله,assets/room/background/gravel.png,1,1280,720,2560,1440,bottom,پس‌زمینه cover,no,"پس‌زمینه کل صفحه اتاق – شن (طبقه 2، 6، 10…)"
7. اتاق داخل چاله,assets/room/floor/gravel.png,1,128,128,256,256,bottom,صاف (بازی پرسپکتیو می‌دهد),no,"کاشی کف شن – مربع صاف از بالا؛ بازی خودش ایزومتریک می‌کند (۸×۸ کاشی)"
7. اتاق داخل چاله,assets/room/wall-left/gravel.png,1,288,150,576,300,bottom,صاف (بازی پرسپکتیو می‌دهد),no,"دیوار چپ شن – مستطیل صاف رو به رو؛ بازی خودش کج می‌کند"
7. اتاق داخل چاله,assets/room/wall-right/gravel.png,1,288,150,576,300,bottom,صاف (بازی پرسپکتیو می‌دهد),no,"دیوار راست شن – مستطیل صاف رو به رو؛ بازی خودش کج می‌کند"
7. اتاق داخل چاله,assets/room/background/boneyard.png,1,1280,720,2560,1440,bottom,پس‌زمینه cover,no,"پس‌زمینه کل صفحه اتاق – گورستان استخوان (طبقه 3، 7، 11…)"
7. اتاق داخل چاله,assets/room/floor/boneyard.png,1,128,128,256,256,bottom,صاف (بازی پرسپکتیو می‌دهد),no,"کاشی کف گورستان استخوان – مربع صاف از بالا؛ بازی خودش ایزومتریک می‌کند (۸×۸ کاشی)"
7. اتاق داخل چاله,assets/room/wall-left/boneyard.png,1,288,150,576,300,bottom,صاف (بازی پرسپکتیو می‌دهد),no,"دیوار چپ گورستان استخوان – مستطیل صاف رو به رو؛ بازی خودش کج می‌کند"
7. اتاق داخل چاله,assets/room/wall-right/boneyard.png,1,288,150,576,300,bottom,صاف (بازی پرسپکتیو می‌دهد),no,"دیوار راست گورستان استخوان – مستطیل صاف رو به رو؛ بازی خودش کج می‌کند"
7. اتاق داخل چاله,assets/room/background/crystal-cave.png,1,1280,720,2560,1440,bottom,پس‌زمینه cover,no,"پس‌زمینه کل صفحه اتاق – غار کریستال (طبقه 4، 8، 12…)"
7. اتاق داخل چاله,assets/room/floor/crystal-cave.png,1,128,128,256,256,bottom,صاف (بازی پرسپکتیو می‌دهد),no,"کاشی کف غار کریستال – مربع صاف از بالا؛ بازی خودش ایزومتریک می‌کند (۸×۸ کاشی)"
7. اتاق داخل چاله,assets/room/wall-left/crystal-cave.png,1,288,150,576,300,bottom,صاف (بازی پرسپکتیو می‌دهد),no,"دیوار چپ غار کریستال – مستطیل صاف رو به رو؛ بازی خودش کج می‌کند"
7. اتاق داخل چاله,assets/room/wall-right/crystal-cave.png,1,288,150,576,300,bottom,صاف (بازی پرسپکتیو می‌دهد),no,"دیوار راست غار کریستال – مستطیل صاف رو به رو؛ بازی خودش کج می‌کند"
8. وسایل اتاق,assets/room/props/mushroom.png,1,26,26,52,52,bottom,تک تصویر,no,"قارچ – پایه وسط پایین تصویر"
8. وسایل اتاق,assets/room/props/lamp.png,1,20,40,40,80,bottom,تک تصویر,no,"چراغ پایه‌دار (نور دورش خودکار) – پایه وسط پایین تصویر"
8. وسایل اتاق,assets/room/props/rock.png,1,30,20,60,40,bottom,تک تصویر,no,"سنگ – پایه وسط پایین تصویر"
8. وسایل اتاق,assets/room/props/barrel.png,1,24,30,48,60,bottom,تک تصویر,no,"بشکه – پایه وسط پایین تصویر"
8. وسایل اتاق,assets/room/props/plant.png,1,32,40,64,80,bottom,تک تصویر,no,"گلدان گیاه – پایه وسط پایین تصویر"
8. وسایل اتاق,assets/room/props/crystal.png,1,30,36,60,72,bottom,تک تصویر,no,"کریستال اتاق – پایه وسط پایین تصویر"
8. وسایل اتاق,assets/room/props/chest.png,1,32,28,64,56,bottom,تک تصویر,no,"صندوق گنج – پایه وسط پایین تصویر"
8. وسایل اتاق,assets/room/props/bones.png,1,30,16,60,32,bottom,تک تصویر,no,"استخوان و جمجمه – پایه وسط پایین تصویر"
8. وسایل اتاق,assets/room/props/bed.png,1,58,30,116,60,bottom,تک تصویر,no,"تخت (فقط طبقه ۱) – پایه وسط پایین تصویر"
8. وسایل اتاق,assets/room/props/table.png,1,52,32,104,64,bottom,تک تصویر,no,"میز (فقط طبقه ۱) – پایه وسط پایین تصویر"
8. وسایل اتاق,assets/room/props/rug.png,1,340,220,680,440,bottom,صاف (بازی پرسپکتیو می‌دهد),no,"فرش وسط اتاق – مستطیل صاف از بالا؛ بازی ایزومتریکش می‌کند"
8. وسایل اتاق,assets/room/props/bookcase.png,1,115,58,230,116,bottom,صاف (بازی پرسپکتیو می‌دهد),no,"قفسه کتاب روی دیوار چپ طبقه ۱ – صاف رو به رو"
8. وسایل اتاق,assets/room/props/torch.png,4,16,40,128,80,bottom,اسپرایت‌شیت,no,"مشعل دیوار – شعله متحرک"
8. وسایل اتاق,assets/room/props/stairs-up.png,1,70,50,140,100,bottom,تک تصویر,no,"پله بالا رفتن (فلش سبز خودکار)"
8. وسایل اتاق,assets/room/props/stairs-down.png,1,70,30,140,60,bottom,تک تصویر,no,"پله/گودال پایین رفتن (فلش زرد خودکار)"
8. وسایل اتاق,assets/room/props/frame.png,1,64,76,128,152,bottom,صاف (بازی پرسپکتیو می‌دهد),no,"قاب عکس دیوار – وسطش شفاف (عکس کاربر از پشت دیده می‌شود)، صاف رو به رو"
8. وسایل اتاق,assets/room/rabbit.png,10,64,80,1280,160,bottom,اسپرایت‌شیت,no,"شخصیت خرگوش بازیکن: فریم ۰-۷ راه رفتن، ۸ ایستاده، ۹ پلک زدن – رو به راست"